pair,entry_date,exit_date,side,entry_price,sl,tp1,tp2,exit_reason,pnl,r_multiple,sweep_val,sweep_vah,poc,ema21,ema55,body_ratio,volume_ratio
BTC,2026-05-16 17:00:00+00:00,2026-05-17 00:55:00+00:00,long,78219.9,77860.7204,78650.9156,78938.2593,sl,-359.1796,-1.0,78105.71,78206.56,78161.1775,78124.839,78164.2427,0.48,7.77
BTC,2026-05-17 05:35:00+00:00,2026-05-17 22:50:00+00:00,long,78167.0,77789.04,78620.552,78922.92,sl,-377.96,-1.0,78039.3,78453.0,78356.47,78110.9298,78165.1567,0.68,2.34
ETH,2026-05-16 12:55:00+00:00,2026-05-16 14:45:00+00:00,short,2175.41,2183.9803,2165.1256,2158.2693,sl,-8.5703,-1.0,2172.727,2177.578,2176.2305,2176.6826,2177.1925,0.16,4.67
ETH,2026-05-16 15:30:00+00:00,2026-05-17 01:40:00+00:00,long,2180.0,2168.1226,2194.2529,2203.7548,sl,-11.8774,-1.0,2176.264,2183.572,2180.2225,2178.2031,2179.5127,0.65,5.01
ETH,2026-05-17 11:30:00+00:00,2026-05-17 14:15:00+00:00,long,2192.97,2183.6163,2204.1945,2211.6774,sl,-9.3537,-1.0,2187.9325,2194.6225,2191.5562,2190.0615,2190.2182,0.29,7.07
ETH,2026-05-17 14:55:00+00:00,2026-05-17 23:40:00+00:00,short,2185.57,2200.7662,2167.3346,2155.1776,tp2,24.3139,1.6,2169.622,2183.962,2180.377,2171.921,2179.8418,0.57,14.45
ETH,2026-05-18 05:40:00+00:00,2026-05-18 11:35:00+00:00,short,2118.55,2128.3376,2106.8049,2098.9749,sl,-9.7876,-1.0,2111.8925,2116.379,2113.6373,2115.8803,2116.7003,0.79,4.55
SOL,2026-05-16 14:00:00+00:00,2026-05-16 14:45:00+00:00,short,86.07,86.4706,85.5892,85.2687,sl,-0.4006,-1.0,86.055,86.262,86.2275,86.1887,86.2513,0.03,3.94
SOL,2026-05-16 20:05:00+00:00,2026-05-16 21:40:00+00:00,long,86.76,86.4563,87.1244,87.3674,sl,-0.3037,-1.0,86.626,86.78,86.647,86.6423,86.6477,0.25,1.9
SOL,2026-05-16 22:35:00+00:00,2026-05-17 01:25:00+00:00,short,86.57,86.9729,86.0865,85.7642,tp2,0.6446,1.6,86.106,86.68,86.4955,86.2571,86.4229,0.48,2.45
SOL,2026-05-17 05:05:00+00:00,2026-05-17 23:05:00+00:00,long,87.12,85.8818,88.6059,89.5965,sl,-1.2382,-1.0,85.94,86.675,86.2095,86.3167,86.4294,0.2,1.65
XRP,2026-05-16 14:50:00+00:00,2026-05-16 16:00:00+00:00,short,1.4061,1.4158,1.3945,1.3867,sl,-0.0097,-1.0,1.4072,1.4131,1.4092,1.4119,1.4105,0.66,3.64
XRP,2026-05-16 18:50:00+00:00,2026-05-17 00:55:00+00:00,long,1.4151,1.4108,1.4202,1.4236,sl,-0.0043,-1.0,1.4127,1.4148,1.4133,1.4136,1.414,0.5,4.92
XRP,2026-05-17 05:45:00+00:00,2026-05-17 15:15:00+00:00,long,1.4169,1.4093,1.426,1.432,sl,0.0008,0.1,1.4104,1.4186,1.4125,1.4144,1.4171,0.08,1.81
XRP,2026-05-17 16:55:00+00:00,2026-05-17 19:40:00+00:00,short,1.4107,1.4173,1.4027,1.3974,sl,-0.0066,-1.0,1.4068,1.4134,1.4098,1.4134,1.413,0.75,1.69
XRP,2026-05-17 20:45:00+00:00,2026-05-17 22:20:00+00:00,long,1.4188,1.4099,1.4295,1.4367,sl,-0.0089,-1.0,1.4169,1.4234,1.4187,1.4182,1.4172,0.13,1.78
ADA,2026-05-16 12:15:00+00:00,2026-05-16 12:50:00+00:00,short,0.2538,0.2549,0.2525,0.2516,sl,-0.0011,-1.0,0.2534,0.2546,0.2541,0.2542,0.2542,0.0,0.97
ADA,2026-05-16 13:10:00+00:00,2026-05-16 14:45:00+00:00,short,0.2541,0.2552,0.2528,0.2519,sl,-0.0011,-1.0,0.254,0.2546,0.2543,0.2543,0.2543,0.18,3.3
ADA,2026-05-16 19:50:00+00:00,2026-05-17 01:40:00+00:00,short,0.2551,0.2564,0.2536,0.2525,tp2,0.002,1.6,0.2541,0.2554,0.2549,0.2542,0.2546,0.44,1.56
ADA,2026-05-17 05:05:00+00:00,2026-05-17 18:20:00+00:00,long,0.256,0.2529,0.2597,0.2621,sl,-0.0031,-1.0,0.2538,0.2553,0.255,0.254,0.2546,0.5,3.74
ADA,2026-05-17 20:30:00+00:00,2026-05-17 23:15:00+00:00,long,0.2547,0.2527,0.2571,0.2587,sl,-0.002,-1.0,0.253,0.2547,0.2533,0.2538,0.2542,0.3,7.54
DOGE,2026-05-16 17:45:00+00:00,2026-05-16 23:10:00+00:00,long,0.1097,0.1092,0.1103,0.1107,sl,-0.0005,-1.0,0.1094,0.1098,0.1095,0.1095,0.1095,0.76,1.57
DOGE,2026-05-17 00:45:00+00:00,2026-05-17 01:30:00+00:00,short,0.1093,0.1098,0.1088,0.1084,tp2,0.0008,1.6,0.109,0.1095,0.1093,0.1091,0.1093,0.42,2.3
DOGE,2026-05-17 05:45:00+00:00,2026-05-17 12:30:00+00:00,long,0.1102,0.1091,0.1115,0.1124,tp2,0.0018,1.6,0.1112,0.1117,0.1116,0.1117,0.1111,0.89,1.6
DOGE,2026-05-17 21:15:00+00:00,2026-05-17 22:10:00+00:00,long,0.1105,0.1101,0.1111,0.1115,sl,0.0,0.1,0.1104,0.111,0.1106,0.1107,0.1106,0.4,2.74
DOGE,2026-05-17 23:35:00+00:00,2026-05-17 23:40:00+00:00,short,0.1091,0.1106,0.1073,0.1061,tp2,0.003,2.0,0.1087,0.1103,0.1092,0.1095,0.11,0.41,13.33
DOGE,2026-05-18 10:55:00+00:00,2026-05-18 11:35:00+00:00,short,0.104,0.1045,0.1034,0.103,sl,-0.0005,-1.0,0.1039,0.1042,0.104,0.1041,0.1044,0.66,1.74
DOT,2026-05-13 13:25:00+00:00,2026-05-14 17:00:00+00:00,short,1.36,1.3934,1.32,1.2933,sl,0.0033,0.1,1.3613,1.3818,1.3685,1.3763,1.3615,0.75,2.59
DOT,2026-05-15 08:15:00+00:00,2026-05-15 14:00:00+00:00,short,1.33,1.3505,1.3054,1.2891,tp2,0.0327,1.6,1.3057,1.3376,1.329,1.3186,1.3275,0.25,2.74
LINK,2026-05-16 16:45:00+00:00,2026-05-17 01:00:00+00:00,long,9.741,9.6477,9.853,9.9277,sl,-0.0933,-1.0,9.7082,9.7293,9.7211,9.7057,9.7194,0.11,2.57
LINK,2026-05-17 05:00:00+00:00,2026-05-17 23:15:00+00:00,long,9.776,9.6433,9.9352,10.0413,sl,-0.1327,-1.0,9.6856,9.771,9.7558,9.6929,9.7093,0.37,4.2
LINK,2026-05-18 05:15:00+00:00,2026-05-18 11:00:00+00:00,short,9.525,9.5874,9.4501,9.4002,tp2,0.0999,1.6,9.4198,9.476,9.4516,9.4244,9.4495,0.53,2.13
LINK,2026-05-18 21:25:00+00:00,2026-05-19 07:35:00+00:00,long,9.528,9.3933,9.6897,9.7975,tp2,0.2156,1.6,9.7324,9.7803,9.7632,9.7638,9.7285,0.61,1.21
LTC,2026-05-16 17:20:00+00:00,2026-05-16 22:05:00+00:00,long,56.21,56.0171,56.4415,56.5958,sl,-0.1929,-1.0,56.1,56.18,56.135,56.1241,56.1417,0.17,2.83
LTC,2026-05-16 23:55:00+00:00,2026-05-17 01:35:00+00:00,short,56.1,56.2743,55.8908,55.7513,tp2,0.2789,1.6,55.977,56.23,56.1035,55.9852,56.0543,0.09,1.24
LTC,2026-05-17 05:35:00+00:00,2026-05-17 13:15:00+00:00,long,56.31,55.9478,56.7447,57.0344,sl,-0.3622,-1.0,56.218,56.403,56.3568,56.2539,56.2788,0.5,3.3
LTC,2026-05-17 15:20:00+00:00,2026-05-17 23:40:00+00:00,short,55.82,56.2924,55.2531,54.8752,tp2,0.7558,1.6,54.91,55.575,55.1428,55.4793,55.7511,0.43,7.24
LTC,2026-05-18 05:15:00+00:00,2026-05-18 06:20:00+00:00,short,54.11,54.4017,53.76,53.5267,tp2,0.4667,1.6,53.9095,54.3,54.1758,53.9925,54.1712,0.23,4.24
LTC,2026-05-18 16:00:00+00:00,2026-05-18 19:00:00+00:00,short,53.4,53.8202,52.8957,52.5596,sl,-0.4202,-1.0,53.524,53.766,53.667,53.6637,53.632,0.86,5.86
AVAX,2026-05-16 22:00:00+00:00,2026-05-17 01:00:00+00:00,short,9.303,9.3473,9.2498,9.2144,tp2,0.0709,1.6,9.2686,9.304,9.2937,9.2708,9.2889,0.0,2.12
AVAX,2026-05-17 05:00:00+00:00,2026-05-17 22:50:00+00:00,long,9.314,9.2196,9.4273,9.5028,sl,-0.0944,-1.0,9.2603,9.3324,9.2908,9.2682,9.2799,0.62,1.98
AVAX,2026-05-18 00:00:00+00:00,2026-05-19 00:15:00+00:00,short,9.153,9.2799,9.0007,8.8991,sl,-0.1269,-1.0,9.2358,9.2597,9.2451,9.2456,9.2165,0.81,2.65
AVAX,2026-05-19 02:20:00+00:00,2026-05-19 02:35:00+00:00,long,9.269,9.2155,9.3332,9.376,sl,-0.0535,-1.0,9.2328,9.2908,9.2589,9.2406,9.2363,0.15,1.3
NEAR,2026-05-16 17:05:00+00:00,2026-05-17 00:55:00+00:00,long,1.494,1.4853,1.5045,1.5114,sl,-0.0087,-1.0,1.495,1.5005,1.4972,1.4953,1.4951,0.5,4.28
NEAR,2026-05-17 01:55:00+00:00,2026-05-17 03:10:00+00:00,short,1.481,1.4972,1.4615,1.4485,sl,-0.0162,-1.0,1.4783,1.4875,1.4835,1.4876,1.4893,0.5,1.99
NEAR,2026-05-17 05:45:00+00:00,2026-05-17 23:35:00+00:00,long,1.523,1.5015,1.5488,1.5659,sl,0.0021,0.1,1.503,1.5322,1.5131,1.5136,1.52,1.0,1.51
NEAR,2026-05-18 05:15:00+00:00,2026-05-18 06:20:00+00:00,short,1.505,1.515,1.493,1.485,tp2,0.016,1.6,1.4975,1.5112,1.5019,1.502,1.505,0.44,3.97
NEAR,2026-05-18 09:50:00+00:00,2026-05-18 10:15:00+00:00,short,1.486,1.4928,1.4778,1.4724,sl,0.0007,0.1,1.4808,1.489,1.4841,1.4861,1.49,0.73,6.42
NEAR,2026-05-18 11:10:00+00:00,2026-05-18 19:30:00+00:00,long,1.509,1.4828,1.5405,1.5614,tp2,0.0419,1.6,1.5297,1.5531,1.5463,1.5412,1.5307,0.73,2.3
NEAR,2026-05-19 05:05:00+00:00,2026-05-19 06:40:00+00:00,short,1.608,1.6232,1.5897,1.5775,sl,-0.0152,-1.0,1.597,1.612,1.6022,1.6094,1.6086,0.29,1.09
BCH,2026-05-13 21:15:00+00:00,2026-05-14 00:15:00+00:00,short,433.19,435.2955,430.6634,428.979,sl,-2.1055,-1.0,432.919,434.5375,433.3548,434.0765,433.8137,0.07,1.57
BCH,2026-05-14 00:40:00+00:00,2026-05-14 03:05:00+00:00,long,434.95,432.6776,437.6769,439.4948,sl,-2.2724,-1.0,433.975,435.27,434.9462,434.2628,434.311,0.6,2.04
BCH,2026-05-14 06:50:00+00:00,2026-05-14 11:25:00+00:00,long,434.13,432.0227,436.6587,438.3445,sl,-2.1073,-1.0,432.788,433.607,433.1975,432.8932,433.1851,0.05,1.63
BCH,2026-05-14 13:40:00+00:00,2026-05-15 08:25:00+00:00,long,433.91,431.4237,436.8935,438.8825,sl,0.2486,0.1,433.2075,435.666,434.6602,433.8869,434.406,0.69,3.17
BCH,2026-05-15 11:05:00+00:00,2026-05-15 13:30:00+00:00,short,431.19,432.6489,429.4393,428.2722,tp2,2.3343,1.6,429.346,431.661,430.1562,430.3459,431.1292,0.48,7.09
BCH,2026-05-16 03:55:00+00:00,2026-05-16 05:20:00+00:00,long,427.39,424.537,430.8136,433.096,sl,-2.853,-1.0,426.1635,427.437,426.9418,426.0352,426.17,0.44,4.58
BCH,2026-05-16 09:15:00+00:00,2026-05-16 10:40:00+00:00,short,418.84,423.0971,413.7315,410.3258,tp2,6.8114,1.6,412.369,417.799,413.7265,415.2608,418.453,0.25,1.62
BCH,2026-05-16 14:25:00+00:00,2026-05-16 15:30:00+00:00,short,414.26,416.3002,411.8118,410.1797,sl,-2.0402,-1.0,414.232,415.2,414.892,415.0263,414.9367,0.88,4.34
ATOM,2026-05-16 23:15:00+00:00,2026-05-17 01:20:00+00:00,long,2.045,2.0281,2.0653,2.0788,sl,-0.0169,-1.0,2.039,2.0555,2.0502,2.0435,2.0402,0.82,1.33
ATOM,2026-05-17 02:55:00+00:00,2026-05-17 03:35:00+00:00,short,2.016,2.0444,1.9819,1.9591,sl,-0.0284,-1.0,2.0059,2.0304,2.0169,2.0284,2.0294,0.64,1.5
ATOM,2026-05-17 11:45:00+00:00,2026-05-17 12:10:00+00:00,long,2.088,2.0698,2.1098,2.1244,sl,-0.0182,-1.0,2.075,2.117,2.0872,2.0832,2.081,0.33,1.03
ATOM,2026-05-17 23:05:00+00:00,2026-05-17 23:40:00+00:00,short,2.044,2.0686,2.0145,1.9949,tp2,0.0491,2.0,2.039,2.0577,2.0466,2.046,2.0533,0.27,12.87
ATOM,2026-05-18 08:20:00+00:00,2026-05-18 08:35:00+00:00,long,2.062,2.0473,2.0797,2.0915,sl,-0.0147,-1.0,2.0493,2.0685,2.0571,2.0572,2.0567,0.83,0.84
ATOM,2026-05-18 11:20:00+00:00,2026-05-18 17:45:00+00:00,short,2.019,2.0473,1.985,1.9624,sl,0.0028,0.1,2.0264,2.045,2.0342,2.0312,2.0261,0.53,0.52
ARB,2026-05-16 13:50:00+00:00,2026-05-16 14:30:00+00:00,short,0.1189,0.1196,0.118,0.1174,sl,-0.0007,-1.0,0.1189,0.1194,0.1192,0.1192,0.1192,0.67,1.93
ARB,2026-05-17 05:45:00+00:00,2026-05-17 13:15:00+00:00,long,0.121,0.1195,0.1228,0.1241,sl,-0.0015,-1.0,0.1212,0.122,0.1218,0.1213,0.1214,0.44,5.02
ARB,2026-05-17 15:35:00+00:00,2026-05-17 23:40:00+00:00,short,0.119,0.1204,0.1173,0.1161,tp2,0.0023,1.6,0.117,0.1186,0.1175,0.1177,0.1183,0.47,13.73
ARB,2026-05-18 00:05:00+00:00,2026-05-19 00:20:00+00:00,short,0.1153,0.1186,0.1114,0.1088,sl,-0.0033,-1.0,0.1171,0.1177,0.1173,0.1176,0.1172,0.2,1.63
APT,2026-05-16 13:20:00+00:00,2026-05-16 14:25:00+00:00,short,0.9488,0.953,0.9438,0.9405,sl,-0.0042,-1.0,0.9481,0.9514,0.9497,0.95,0.9499,0.34,1.67
APT,2026-05-16 20:20:00+00:00,2026-05-17 00:55:00+00:00,short,0.9509,0.9561,0.9447,0.9405,tp2,0.0083,1.6,0.9446,0.947,0.9466,0.9449,0.947,0.55,6.66
APT,2026-05-17 05:05:00+00:00,2026-05-17 14:10:00+00:00,long,0.9519,0.9383,0.9682,0.979,sl,0.0014,0.1,0.9396,0.96,0.9461,0.9492,0.9546,0.58,0.62
APT,2026-05-17 16:50:00+00:00,2026-05-17 19:40:00+00:00,short,0.9394,0.9455,0.9321,0.9272,sl,0.0006,0.1,0.9328,0.9389,0.9342,0.9406,0.9409,0.59,1.08
APT,2026-05-18 09:00:00+00:00,2026-05-18 10:20:00+00:00,short,0.9229,0.9268,0.9182,0.9151,tp2,0.0062,1.6,0.9188,0.9246,0.9201,0.9201,0.9228,0.07,1.65
APT,2026-05-18 13:05:00+00:00,2026-05-18 13:35:00+00:00,long,0.9338,0.9252,0.9442,0.9511,sl,-0.0086,-1.0,0.9288,0.9393,0.9334,0.933,0.9292,0.26,2.94
APT,2026-05-18 16:55:00+00:00,2026-05-18 17:30:00+00:00,short,0.9198,0.9277,0.9104,0.9041,sl,-0.0079,-1.0,0.9192,0.9252,0.9228,0.9239,0.9246,0.06,0.23
